t1,t2,name,rating,semester,lecture
3,32,Anette og hendes noter,10,E15_C,System af diff-ligninger Del 2
3,21,Siden I er her,7,E18_B,Komplekse tal på Rektangulær Form - Part1
55,63,Alle ting af interesse,5,E18_B,Komplekse tal på Rektangulær Form - Part1
92,100,Overraskende nok,4,E18_B,Komplekse tal på Rektangulær Form - Part1
125,150,Nord øst,7,E18_B,Komplekse tal på Rektangulær Form - Part1
202,223,Hvad skal vi lave,5,E18_B,Komplekse tal på Rektangulær Form - Part1
377,387,Fjorten,5,E18_B,Komplekse tal på Rektangulær Form - Part1
449,468,Færdighedsregning,5,E18_B,Komplekse tal på Rektangulær Form - Part1
510,521,Brøkregning,4,E18_B,Komplekse tal på Rektangulær Form - Part1
590,596,Holde kæft og snakke om komplekse tal,6,E18_B,Komplekse tal på Rektangulær Form - Part1
610,640,40 i feber og Matematik stream,6,E18_B,Komplekse tal på Rektangulær Form - Part1
645,663,Hvis ens forelæser er en nar,5,E18_B,Komplekse tal på Rektangulær Form - Part1
837,850,Tror på folk har fattet budskabet,7,E18_B,Komplekse tal på Rektangulær Form - Part1
1136,1155,"Pythagoras, ik'?",7,E18_B,Komplekse tal på Rektangulær Form - Part1
1182,1197,Smart måde på Den Lokale Bodega,8,E18_B,Komplekse tal på Rektangulær Form - Part1
1307,1309,Og sådan er det,5,E18_B,Komplekse tal på Rektangulær Form - Part1
1324,1338,Ufatteligt grimt R,4,E18_B,Komplekse tal på Rektangulær Form - Part1
1510,1522,Ikke noget at ryste over,6,E18_B,Komplekse tal på Rektangulær Form - Part1
1545,1575,En syg multiplikation,6,E18_B,Komplekse tal på Rektangulær Form - Part1
1620,1645,En syg multiplikation 2,9,E18_B,Komplekse tal på Rektangulær Form - Part1
1670,1685,Discovery Channel,7,E18_B,Komplekse tal på Rektangulær Form - Part1
1883,1893,En enestående opdagelse,7,E18_B,Komplekse tal på Rektangulær Form - Part1
1950,1955,"So far, so fedt",6,E18_B,Komplekse tal på Rektangulær Form - Part1
1970,1978,En mwhahaha-oplevelse,5,E18_B,Komplekse tal på Rektangulær Form - Part1
2015,2027,Den gange den,5,E18_B,Komplekse tal på Rektangulær Form - Part1
2134,2162,Det eneste man skal huske,9,E18_B,Komplekse tal på Rektangulær Form - Part1
2363,2373,Schwup - så kommer den herop,5,E18_B,Komplekse tal på Rektangulær Form - Part1
2493,2506,Det eneste man skal huske 2,8,E18_B,Komplekse tal på Rektangulær Form - Part1
140,149,Fucke op så mange gange,8,E18_B,Komplekse tal på Rektangulær Form - Part2
179,193,Det eneste man skal huske 3,8,E18_B,Komplekse tal på Rektangulær Form - Part2
205,215,Skal man gå på universitet?,8,E18_B,Komplekse tal på Rektangulær Form - Part2
420,431,Kan man bruge de her ting til noget,7,E18_B,Komplekse tal på Rektangulær Form - Part2
574,583,Færdigt arbejde,6,E18_B,Komplekse tal på Rektangulær Form - Part2
680,694,Spild af RAM,8,E18_B,Komplekse tal på Rektangulær Form - Part2
930,944,"Sådan dividerer man - lidt fedt, ik'?",6,E18_B,Komplekse tal på Rektangulær Form - Part2
1020,1030,Kaste op i lårtykke stråler,8,E18_B,Komplekse tal på Rektangulær Form - Part2
1041,1046,Hvordan i helvede skal man gøre det,8,E18_B,Komplekse tal på Rektangulær Form - Part2
1062,1065,Knækket kridt,5,E18_B,Komplekse tal på Rektangulær Form - Part2
1407,1427,Klasker sig på lårene af fryd - der kom lige en cirkel,8,E18_B,Komplekse tal på Rektangulær Form - Part2
1427,1433,Når man jo nu har den fremme,6,E18_B,Komplekse tal på Rektangulær Form - Part2
1450,1466,Pædagogisk farvet kridt,8,E18_B,Komplekse tal på Rektangulær Form - Part2
1770,1778,Utroligt hvad man kan her i verden uden kridt,8,E18_B,Komplekse tal på Rektangulær Form - Part2
1793,1805,Tag det roligt,7,E18_B,Komplekse tal på Rektangulær Form - Part2
1806,1829,Færdig med de komplekse tal,8,E18_B,Komplekse tal på Rektangulær Form - Part2
1945,1958,Andre ting vi skal have ryddet op i,10,E18_B,Komplekse tal på Rektangulær Form - Part2
2013,2040,Vi er på en øde ø,10,E18_B,Komplekse tal på Rektangulær Form - Part2
2115,2127,Den er større end den,9,E18_B,Komplekse tal på Rektangulær Form - Part2
2144,2158,Antallet af rationelle tal,7,E18_B,Komplekse tal på Rektangulær Form - Part2
2328,2335,Et lille stykke tavle,6,E18_B,Komplekse tal på Rektangulær Form - Part2
2510,2518,"Bye bye, ordning",6,E18_B,Komplekse tal på Rektangulær Form - Part2
2528,2541,Regne den sidste opgave,8,E18_B,Komplekse tal på Rektangulær Form - Part2
2,9,Fredagsbøn,6,E18_B,Regning med reelle og komplekse tal
30,36,Holde ud at høre mig selv,4,E18_B,Regning med reelle og komplekse tal
155,162,Gøre noget,5,E18_B,Regning med reelle og komplekse tal
191,199,Få repeteret,4,E18_B,Regning med reelle og komplekse tal
438,452,Det er bare dumt,5,E18_B,Regning med reelle og komplekse tal
516,540,Hele baduljen,5,E18_B,Regning med reelle og komplekse tal
685,818,Mængden af alle mængder,8,E18_B,Regning med reelle og komplekse tal
1757,1769,Hvis man lader være med at regne,4,E18_B,Regning med reelle og komplekse tal
2013,2022,Hvis ens hjerne er osteagtig,6,E18_B,Regning med reelle og komplekse tal
2087,2099,Glad for konjugering,5,E18_B,Regning med reelle og komplekse tal
2448,2453,De gamle grækere,6,E18_B,Regning med reelle og komplekse tal
3024,3046,Kollegaen fra Den Lokale Bænk,7,E18_B,Regning med reelle og komplekse tal
3533,3566,Hvis I synes det er sjovt,7,E18_B,Regning med reelle og komplekse tal
95,98,Det er rent gymnasiestof,3,E18_B,Polære koordinater og eksponentiel form - Part1
213,228,Kompleks telefonboks,5,E18_B,Polære koordinater og eksponentiel form - Part1
305,312,Tæppe over hovedet,4,E18_B,Polære koordinater og eksponentiel form - Part1
660,667,Enhedsæg,5,E18_B,Polære koordinater og eksponentiel form - Part1
1007,1015,I skal nok blive trætte af det,4,E18_B,Polære koordinater og eksponentiel form - Part1
1203,1210,Knap på lommeregneren,4,E18_B,Polære koordinater og eksponentiel form - Part1
1270,1282,Endnu et enhedsæg,5,E18_B,Polære koordinater og eksponentiel form - Part1
1450,1460,Lad os sige jeg er lidt retarderet,7,E18_B,Polære koordinater og eksponentiel form - Part1
1950,1960,Hvis der er fysikere til stede,2,E18_B,Polære koordinater og eksponentiel form - Part1
1990,1997,Et stort enhedsæg,4,E18_B,Polære koordinater og eksponentiel form - Part1
2006,2024,Pæneste enhedscirkel i mit liv,5,E18_B,Polære koordinater og eksponentiel form - Part1
2245,2255,Kunne gøres på en øde ø,4,E18_B,Polære koordinater og eksponentiel form - Part1
2702,2712,Øde Ø og pind i sandet,6,E18_B,Polære koordinater og eksponentiel form - Part1
2792,2803,Øde Ø og badeshorts,5,E18_B,Polære koordinater og eksponentiel form - Part1
137,140,Det jeg også fik mumlet om,3,E18_B,Polære koordinater og eksponentiel form - Part2
309,316,Selvfølgelig lidt syret,5,E18_B,Polære koordinater og eksponentiel form - Part2
485,489,Eksotisk fætter,6,E18_B,Polære koordinater og eksponentiel form - Part2
782,785,Straaange,4,E18_B,Polære koordinater og eksponentiel form - Part2
973,979,Er det smart?,6,E18_B,Polære koordinater og eksponentiel form - Part2
1044,1059,Lille Gilbert,7,E18_B,Polære koordinater og eksponentiel form - Part2
1230,1264,Mona Lisa er en sæk,9,E18_B,Polære koordinater og eksponentiel form - Part2
1662,1676,Helst ikke skal have inde for døre,4,E18_B,Polære koordinater og eksponentiel form - Part2
1996,2005,Hjælp til hjemmeopgave pling plam,7,E18_B,Polære koordinater og eksponentiel form - Part2
2154,2168,Tydelig ret linje,6,E18_B,Polære koordinater og eksponentiel form - Part2
2288,2293,Kører for de gamle soldater,7,E18_B,Polære koordinater og eksponentiel form - Part2
2454,2473,Julefrokostspørgsmål,8,E18_B,Polære koordinater og eksponentiel form - Part2
86,106,Deres navne på fint,3,E18_B,Polære koordinater og eksponentialfunktionen
1118,1124,Seniliten breder sig,6,E18_B,Polære koordinater og eksponentialfunktionen
2330,2340,Kodylt fedt,5,E18_B,Polære koordinater og eksponentialfunktionen
3038,3041,Er I med på den,5,E18_B,Polære koordinater og eksponentialfunktionen
3594,3625,Fredagskvarteret,6,E18_B,Polære koordinater og eksponentialfunktionen
1241,1249,Cosinus til pi over 13,6,E18_B,Polynomier - Part1
1335,1365,Hvis jeg skal finde argumentet,5,E18_B,Polynomier - Part1
1378,1395,God spontan idé,4,E18_B,Polynomier - Part1
349,388,Algebraens fundementalsætning,6,E18_B,Polynomier - Part2
518,522,Lidt ækelt,5,E18_B,Polynomier - Part2
601,623,Hvordan gør man,7,E18_B,Polynomier - Part2
807,818,Ups - det forstår man ikke,6,E18_B,Polynomier - Part2
881,901,Tredjegradspolynomium,4,E18_B,Polynomier - Part2
932,948,Gætte en rod,5,E18_B,Polynomier - Part2
984,991,De gode gæt,7,E18_B,Polynomier - Part2
1098,1103,Nedstigningssætningen,5,E18_B,Polynomier - Part2
1170,1174,Knækket kridt - polynomie forelæsning,5,E18_B,Polynomier - Part2
1259,1277,Pisse i bukserne,6,E18_B,Polynomier - Part2
1296,1300,Er I enige?,5,E18_B,Polynomier - Part2
1307,1313,Pas på med kvadratrod,4,E18_B,Polynomier - Part2
1422,1434,Det er jo faktisk smukt,5,E18_B,Polynomier - Part2
1394,1397,Så nemt som at klø sig i nakken,4,E18_B,Polynomier - Part2
1542,1577,Løsninger til 4. gradsligninger? Maple kan godt,6,E18_B,Polynomier - Part2
1577,1588,Tavle nr. 12,7,E18_B,Polynomier - Part2
1597,1607,Ryste på hovedet,5,E18_B,Polynomier - Part2
1703,1711,Bilde jer ind at det er svært,5,E18_B,Polynomier - Part2
1722,1729,"Sådan noget, ik' os'?",4,E18_B,Polynomier - Part2
1820,1827,Og sådan gør man det,5,E18_B,Polynomier - Part2
1866,1873,Gøres mere indviklet,5,E18_B,Polynomier - Part2
1893,1955,Epsilon-funktioner - kan klippes sjovt,4,E18_B,Polynomier - Part2
1982,2003,Gøre hvad fanden den vil,6,E18_B,Polynomier - Part2
2274,2289,"Ikke noget, der skaffer en venner på Det Lokale Værtshus",7,E18_B,Polynomier - Part2
2571,2580,Kæft hvor er det smart,8,E18_B,Polynomier - Part2
2721,2727,Hvad vrøvler jeg om,5,E18_B,Polynomier - Part2
2769,2780,Fik gjort det lidt mere besværligt,6,E18_B,Polynomier - Part2
2860,2865,"Var det ikke det, du spurgte om?",6,E18_B,Polynomier - Part2
3009,3015,Lad være med at gøre det i hovedet,6,E18_B,Polynomier - Part2
3,13,"Ja, vi siger den er 8",8,E18_B,Differentiabilitet
13,19,Hyggedag,6,E18_B,Differentiabilitet
31,39,Noget af det er faktisk lidt sjovt,6,E18_B,Differentiabilitet
365,381,Ellers bryder helvede løs,7,E18_B,Differentiabilitet
484,500,Blblblblblbl,7,E18_B,Differentiabilitet
690,693,Fidusen er,2,E18_B,Differentiabilitet
705,712,Fidusen er x2,2,E18_B,Differentiabilitet
720,735,Hvis og kun hvis,5,E18_B,Differentiabilitet
784,787,Ingen ko på isen,4,E18_B,Differentiabilitet
870,881,En ny regel,5,E18_B,Differentiabilitet
971,1005,De to metoder - del 1,6,E18_B,Differentiabilitet
1041,1048,De to metoder - del 2,6,E18_B,Differentiabilitet
1089,1095,Er det ikke rigtigt,5,E18_B,Differentiabilitet
1096,1110,Kædereglen - del 1,5,E18_B,Differentiabilitet
1180,1190,Kædereglen - del 2,5,E18_B,Differentiabilitet
1265,1280,Temperaturen og patienten - del 1,7,E18_B,Differentiabilitet
1289,1304,Temperaturen og patienten - del 2,7,E18_B,Differentiabilitet
1341,1397,Temperaturen og patienten - del 3,7,E18_B,Differentiabilitet
1568,1576,Injektiv,6,E18_B,Differentiabilitet
2482,2490,Jamen mamma,8,E18_B,Differentiabilitet
2595,2616,Sinus er jo en ækel sag - Øde Ø,8,E18_B,Differentiabilitet
2960,2971,Så kan vi skrive,5,E18_B,Differentiabilitet
3188,3190,Er det ikke fantastisk? - dif 1,6,E18_B,Differentiabilitet
3291,3309,En mørk vej,8,E18_B,Differentiabilitet
3346,3352,"Mærkelig idé, men lad os gøre det",8,E18_B,Differentiabilitet
3406,3413,Hovsa,5,E18_B,Differentiabilitet
3490,3494,Er det ikke fantastisk? - dif 2,6,E18_B,Differentiabilitet
3537,3565,Jeg gad ikke skrive den,7,E18_B,Differentiabilitet
5,7,Godmorgen,6,E18_B,Taylors formler del 1
27,34,"Det er faktisk ret sjovt, og ikke spor svært",5,E18_B,Taylors formler del 1
36,68,Maple kan holde forelæsningen,7,E18_B,Taylors formler del 1
93,111,Stjæle med arme og ben fra Maple ark,6,E18_B,Taylors formler del 1
156,163,Læs hvad der står,6,E18_B,Taylors formler del 1
177,203,Kollegaen der synger og danser og savne jer,9,E18_B,Taylors formler del 1
213,227,And the camera should probably be on me,5,E18_B,Taylors formler del 1
430,441,"Gå i livet og tro, at alle funktioner er uendeligt mange gange differentiable",7,E18_B,Taylors formler del 1
509,522,Den bløde og lækre funktion,8,E18_B,Taylors formler del 1
524,622,Løvejagt,10,E18_B,Taylors formler del 1
622,650,Sinus til en halv,5,E18_B,Taylors formler del 1
653,665,"Løver, løver, løver",4,E18_B,Taylors formler del 1
778,805,Arbejdsløse analogi,7,E18_B,Taylors formler del 1
1178,1190,Vi holder op med at ønske - nu forlanger vi,6,E18_B,Taylors formler del 1
1417,1423,Er det ikke fantastisk,5,E18_B,Taylors formler del 1
1726,1732,Og så fortsætter festen,5,E18_B,Taylors formler del 1
1748,1755,Synd for Taylor,5,E18_B,Taylors formler del 1
1807,1811,Og så fortsætter festen 2,4,E18_B,Taylors formler del 1
1990,1995,Det her betyder at lægge sammen,5,E18_B,Taylors formler del 1
2082,2086,Nu har jeg sagt Taylors formel mange gange,6,E18_B,Taylors formler del 1
2309,2340,Det ser meget godt ud,6,E18_B,Taylors formler del 1
2424,2432,Vores yndlingsfunktion,5,E18_B,Taylors formler del 1
2555,2562,Hvor fantastisk,4,E18_B,Taylors formler del 1
60,70,En hos tandlægen,6,E18_B,Taylors formler del 2
98,146,Strandet på Det Lokale Værtshus med Sinus til en halv,10,E18_B,Taylors formler del 2
222,233,P4,5,E18_B,Taylors formler del 2
468,471,Kæft hvor han kører,5,E18_B,Taylors formler del 2
493,508,Ved vi noget om cosinus,4,E18_B,Taylors formler del 2
573,583,Det har vi faktisk regnet ud,5,E18_B,Taylors formler del 2
580,590,En fejl på en 4000tusindedel,4,E18_B,Taylors formler del 2
730,740,På bagsiden af en serviet,6,E18_B,Taylors formler del 2
749,758,En lommeregner,6,E18_B,Taylors formler del 2
840,852,Lommeregneren kan ikke regne,4,E18_B,Taylors formler del 2
880,895,Konklusion på sinus til en halv,9,E18_B,Taylors formler del 2
958,978,Færdig arbejde,5,E18_B,Taylors formler del 2
1039,1053,Nul over nul udtryk,5,E18_B,Taylors formler del 2
1201,1207,Se det smart,4,E18_B,Taylors formler del 2
1278,1286,Michael er dårlig til Maple,5,E18_B,Taylors formler del 2
1326,1338,Plots,5,E18_B,Taylors formler del 2
1491,1497,Det bliver bedre,4,E18_B,Taylors formler del 2
1584,1601,Stjæl med arme og ben,5,E18_B,Taylors formler del 2
1605,1625,Det havde taget 5 minutter,6,E18_B,Taylors formler del 2
1633,1652,DTUs logo,6,E18_B,Taylors formler del 2
6,10,Vikar for Michael,3,E18_B,Lineære ligningssystemer del 1
35,52,Lineære ligninger,4,E18_B,Lineære ligningssystemer del 1
3,11,Fredag i skyttegravene,7,E18_B,Matrixalgebra
30,43,ReducedRowEchelonForm,8,E18_B,Matrixalgebra
110,122,Vagthunden og Maple,6,E18_B,Matrixalgebra
660,675,Når man har trappeformen,8,E18_B,Matrixalgebra
823,840,Spørger man sig selv,4,E18_B,Matrixalgebra
845,863,Homogene højresider,6,E18_B,Matrixalgebra
1839,1877,Siden 2. klasse,6,E18_B,Matrixalgebra
1904,1909,Mine damer og harer,5,E18_B,Matrixalgebra
1933,1948,R4,7,E18_B,Matrixalgebra
1971,2011,Fjernbetjening og svampe,6,E18_B,Matrixalgebra
2034,2051,Fjernbetjening og svampe 2,5,E18_B,Matrixalgebra
2099,2132,Transponeringer,6,E18_B,Matrixalgebra
2400,2419,Én ligning med én ubekendt,8,E18_B,Matrixalgebra
2439,2453,En halv på Den Lokale,8,E18_B,Matrixalgebra
2480,2500,Der sker noget,7,E18_B,Matrixalgebra
2949,2975,Den motoriske øvelse,10,E18_B,Matrixalgebra
3238,3256,En kommando i Maple,7,E18_B,Matrixalgebra
32,40,Skræmmende determinanter,6,E18_B,Determinanter og vektor-geometri del 1
210,221,Kun kvadratiske matricer,5,E18_B,Determinanter og vektor-geometri del 1
634,646,"Bum, bum, bum - den er regulær",4,E18_B,Determinanter og vektor-geometri del 1
820,835,Nu bryder helvede løs,7,E18_B,Determinanter og vektor-geometri del 1
900,930,ærterækker,7,E18_B,Determinanter og vektor-geometri del 1
935,950,matricelort,6,E18_B,Determinanter og vektor-geometri del 1
954,965,fremrævet,6,E18_B,Determinanter og vektor-geometri del 1
1268,1270,Fidusen er x2 - determinant,3,E18_B,Determinanter og vektor-geometri del 1
1300,1310,Sjov med snitmatricer,5,E18_B,Determinanter og vektor-geometri del 1
1365,1375,En kompliceret måde at begå selvmord på,7,E18_B,Determinanter og vektor-geometri del 1
1420,1431,En kommando i Maple - determinant,8,E18_B,Determinanter og vektor-geometri del 1
1499,1515,Tal der er sjove at gange med,7,E18_B,Determinanter og vektor-geometri del 1
1589,1602,Plus minus plus,4,E18_B,Determinanter og vektor-geometri del 1
1720,1732,Følg nullerne,6,E18_B,Determinanter og vektor-geometri del 1
1812,1824,Pyrus' regel,6,E18_B,Determinanter og vektor-geometri del 1
2285,2297,Jeg er bare stiv,6,E18_B,Determinanter og vektor-geometri del 1
2375,2423,Moar,8,E18_B,Determinanter og vektor-geometri del 1
2452,2467,Moar part 2,8,E18_B,Determinanter og vektor-geometri del 1
2467,2491,Moar part 3,8,E18_B,Determinanter og vektor-geometri del 1
2557,2563,En søjle med mange nuller,6,E18_B,Determinanter og vektor-geometri del 1
2700,2741,Øde ø og regulære matricer,7,E18_B,Determinanter og vektor-geometri del 1
2789,2807,En eller anden nar,7,E18_B,Determinanter og vektor-geometri del 1
2823,2830,En times tid,7,E18_B,Determinanter og vektor-geometri del 1
2928,2932,Det smart,5,E18_B,Determinanter og vektor-geometri del 1
3017,3035,Det er jo fedt nok,6,E18_B,Determinanter og vektor-geometri del 1
3035,3056,Flotte formler,6,E18_B,Determinanter og vektor-geometri del 1
3062,3072,"Pyha, det var hårdt",6,E18_B,Determinanter og vektor-geometri del 1
1744,1755,Nu skal I være med mig,3,E18_B,Determinanter og vektor-geometri del 2
2020,2025,En ekstra god kan du se det,6,E18_B,Determinanter og vektor-geometri del 2
2932,2941,Min hjerne er ved at løbe over,6,E18_B,Determinanter og vektor-geometri del 2
3035,3048,Hive proppen ud af badekaret,6,E18_B,Determinanter og vektor-geometri del 2
3083,3094,Basisskifte ,5,E18_B,Determinanter og vektor-geometri del 2
3134,3157,"Det blev langt, og det blev meget",6,E18_B,Determinanter og vektor-geometri del 2
10,50,A little more sound,5,E18_B,Geometri i planen og rummet
140,152,Falder i staver,5,E18_B,Geometri i planen og rummet
180,190,Vil jeg lige starte her,9,E18_B,Geometri i planen og rummet
436,450,Michael tegner,5,E18_B,Geometri i planen og rummet
658,662,Omhyggelig med pile,4,E18_B,Geometri i planen og rummet
1607,1628,Nede i Brugsen med vektorer,4,E18_B,Geometri i planen og rummet
1735,1759,Sjov med tal,4,E18_B,Geometri i planen og rummet
1763,1773,Nogenlunde ædru og skal tegne en kasse,5,E18_B,Geometri i planen og rummet
1803,1820,Tre vektorer,4,E18_B,Geometri i planen og rummet
1817,1861,Et godt spørgsmål,6,E18_B,Geometri i planen og rummet
1860,1897,Paralalalpeipidpum,6,E18_B,Geometri i planen og rummet
1918,1925,"Errm, ermm, burr",6,E18_B,Geometri i planen og rummet
1932,1975,Tegning af parallelepipedum,7,E18_B,Geometri i planen og rummet
2030,2067,"Flyttekasse, mor Karen og svaret på det gode spørgsmål",8,E18_B,Geometri i planen og rummet
2272,2297,Hvis jeg skulle tjekke om de var lineært uafhængige,4,E18_B,Geometri i planen og rummet
2468,2473,"Berr, burr, berr",4,E18_B,Geometri i planen og rummet
2994,3025,Rækkeoperationer og nuller,7,E18_B,Geometri i planen og rummet
3068,3080,Gausselimination er røvsygt,5,E18_B,Geometri i planen og rummet
347,375,Folkevogn og blåhval,7,E18_B,Vektorrum del 1
612,625,Stort socialt netværk,5,E18_B,Vektorrum del 1
1059,1067,e^x og alle de dumme svin,6,E18_B,Vektorrum del 1
1445,1458,Kunstpause,6,E18_B,Vektorrum del 1
2140,2146,Nu skal vi bruge hjernen,7,E18_B,Vektorrum del 1
2252,2272,Hvorfor det?,4,E18_B,Vektorrum del 1
38,56,Ærgerligt ærgerligt,4,E18_B,Vektorrum del 2
267,277,Total spade,3,E18_B,Vektorrum del 2
450,456,Matematik er fantastisk,8,E18_B,Vektorrum del 2
638,648,Etter og nuller,5,E18_B,Vektorrum del 2
871,878,Lave rav i den,6,E18_B,Vektorrum del 2
968,980,Det får I kvalme af,5,E18_B,Vektorrum del 2
993,1006,Et langt eksempel,8,E18_B,Vektorrum del 2
1108,1118,Det har jeg lige gjort,7,E18_B,Vektorrum del 2
1493,1502,Alle dyrene i indhegningen,5,E18_B,Vektorrum del 2
1533,1547,I sidste time,5,E18_B,Vektorrum del 2
1732,1739,Kørt over af en tankvogn,8,E18_B,Vektorrum del 2
1822,1853,Gisp - men vi har koordinater,6,E18_B,Vektorrum del 2
1952,1970,Store Fede Tryllestav anno 2019,5,E18_B,Vektorrum del 2
2006,2016,Et eller andet tegn i mellem,8,E18_B,Vektorrum del 2
2206,2221,Basen Georg,5,E18_B,Vektorrum del 2
2620,2642,Jeg skal ikke lave jeres hjemmeopgaver,6,E18_B,Vektorrum del 2
36,60,I vil synes det er sjovt,5,E18_B,Lineære afbildninger del 1
85,99,Resten kommer af sig selv,5,E18_B,Lineære afbildninger del 1
657,668,Lillemor er en sten,4,E18_B,Lineære afbildninger del 1
670,680,Den gamle lærer ked af det,4,E18_B,Lineære afbildninger del 1
753,774,En affin funktion,4,E18_B,Lineære afbildninger del 1
987,997,"Yt, Nix",6,E18_B,Lineære afbildninger del 1
1101,1117,"En matematiker, der brokker sig",4,E18_B,Lineære afbildninger del 1
1570,1580,Det skal man ikke tro på,5,E18_B,Lineære afbildninger del 1
1746,1762,Bingo,8,E18_B,Lineære afbildninger del 1
4,28,Op på hesten igen,6,E18_B,Lineære afbildninger del 2
360,367,Det ligner lort,6,E18_B,Lineære afbildninger del 2
442,459,Blrlbrlb 2,5,E18_B,Lineære afbildninger del 2
861,868,"Grunden til, at det ser svært ud",8,E18_B,Lineære afbildninger del 2
882,898,"Grunden til, at det ser svært ud 2",6,E18_B,Lineære afbildninger del 2
1168,1174,Skruet pæren godt fast,5,E18_B,Lineære afbildninger del 2
1218,1220,"Hold kæft, hvor er det skarpt mand",4,E18_B,Lineære afbildninger del 2
1349,1360,Mamma mia,7,E18_B,Lineære afbildninger del 2
2144,2162,Klimakset,8,E18_B,Lineære afbildninger del 2
2381,2394,am i right,8,E18_B,Lineære afbildninger del 2
2830,2848,Stress og røde knopper,5,E18_B,Lineære afbildninger del 2
2992,2997,"Røv og nøgler, men det kan Maple",6,E18_B,Lineære afbildninger del 2
3075,3085,Den Lokale Bodega og omvejen,9,E18_B,Lineære afbildninger del 2
3221,3225,Knækket kridt - f21,3,E18_B,Lineære afbildninger del 2
3262,3285,Jeg er stiv,6,E18_B,Lineære afbildninger del 2
3305,3314,Juleleg og en tur i karusellen,5,E18_B,Lineære afbildninger del 2
3356,3384,Vandhullet og hjem i seng,8,E18_B,Lineære afbildninger del 2
930,945,Matrix inversion at Hogwarts,7,E18_B,Afbildningsmatricer og basisskifte
1017,1032,Lige før selv jeg vågnede,9,E18_B,Afbildningsmatricer og basisskifte
1088,1098,Meget originalt,5,E18_B,Afbildningsmatricer og basisskifte
1139,1150,FDB,8,E18_B,Afbildningsmatricer og basisskifte
1185,1195,Derfor I undrede jer,5,E18_B,Afbildningsmatricer og basisskifte
1241,1248,The Hogwarts trick,6,E18_B,Afbildningsmatricer og basisskifte
1293,1297,Ganget med bbbpp,6,E18_B,Afbildningsmatricer og basisskifte
1390,1399,Tænker med røven,4,E18_B,Afbildningsmatricer og basisskifte
53,80,"Dsolve, og hvad Maple gør det på 30 sekunder",7,E18_B,Lineære 1. ordens differentialligninger del 1
98,103,Lad os gå i krig,4,E18_B,Lineære 1. ordens differentialligninger del 1
160,182,Trick og julelege og Maple,5,E18_B,Lineære 1. ordens differentialligninger del 1
330,357,Kontinuerte funktioner,4,E18_B,Lineære 1. ordens differentialligninger del 1
428,441,"Glatte funktioner, aer dem og prinsessefingre",6,E18_B,Lineære 1. ordens differentialligninger del 1
605,610,Er du med på den?,5,E18_B,Lineære 1. ordens differentialligninger del 1
1143,1187,Et antal gode idéer og hvordan formler opstår,7,E18_B,Lineære 1. ordens differentialligninger del 1
1700,1705,Nu har vi en løsningsformel,5,E18_B,Lineære 1. ordens differentialligninger del 1
2318,2330,Fortrinsfejl,4,E18_B,Lineære 1. ordens differentialligninger del 1
2426,2432,Ulækker højreside,5,E18_B,Lineære 1. ordens differentialligninger del 1
82,89,Det er faktisk meget sjovt at vide,5,E18_B,Lineære 1. ordens differentialligninger del 2
566,583,Trigonometriske funktioner,3,E18_B,Lineære 1. ordens differentialligninger del 2
815,825,Ganske simple ligninger,4,E18_B,Lineære 1. ordens differentialligninger del 2
908,915,Fragtet færgen over,5,E18_B,Lineære 1. ordens differentialligninger del 2
1310,1506,Jamen for fanden hr. Pedersen,5,E18_B,Lineære 1. ordens differentialligninger del 2
1737,1749,"Morale, morale",3,E18_B,Lineære 1. ordens differentialligninger del 2
1921,1950,Julegaverne,5,E18_B,Lineære 1. ordens differentialligninger del 2
3,16,Godmorgen. Toget skal igang igen,4,E18_B,Egenværdier og Egenvektorer del 1
44,60,"Uforståelige ting, der foregår herude",4,E18_B,Egenværdier og Egenvektorer del 1
457,463,"Hovsa, det var en egenvektor",5,E18_B,Egenværdier og Egenvektorer del 1
922,932,Flyt dig dog f,4,E18_B,Egenværdier og Egenvektorer del 1
962,964,Knækket kridt - forelæsning 25,4,E18_B,Egenværdier og Egenvektorer del 1
1572,1584,"Bingo, Bango",5,E18_B,Egenværdier og Egenvektorer del 1
1769,1791,Simpelt som i mænds opførsel,6,E18_B,Egenværdier og Egenvektorer del 1
1997,2005,Av forhelvede - knækket kridt,6,E18_B,Egenværdier og Egenvektorer del 1
2024,2058,Konklusion på bevis - det gør der ikke,5,E18_B,Egenværdier og Egenvektorer del 1
2104,2121,Hvordan?,7,E18_B,Egenværdier og Egenvektorer del 1
2418,2424,Kan I huske det?,7,E18_B,Egenværdier og Egenvektorer del 1
220,233,Så er det som at tage... ,4,E18_B,Egenværdier og Egenvektorer del 2
235,242,Hvordan gør man? Den gange den,4,E18_B,Egenværdier og Egenvektorer del 2
290,304,Værsågod at spis - del 1,7,E18_B,Egenværdier og Egenvektorer del 2
353,371,Værsågod at spis - del 2,7,E18_B,Egenværdier og Egenvektorer del 2
510,543,ReducedRowEchelonForm i hovedet,7,E18_B,Egenværdier og Egenvektorer del 2
654,661,"Taber svampen, Moar",5,E18_B,Egenværdier og Egenvektorer del 2
751,773,ReducedRowEchelonForm og et los i røven,7,E18_B,Egenværdier og Egenvektorer del 2
910,972,Det er mig der er stiv + rettelse,6,E18_B,Egenværdier og Egenvektorer del 2
1297,1301,"Shit, kan I se det?",7,E18_B,Egenværdier og Egenvektorer del 2
2575,2590,"Hvad i det hede, hule helevede er sjovt ved det her?",5,E18_B,Egenværdier og Egenvektorer del 2
2596,2642,A i tiende på en øde ø,7,E18_B,Egenværdier og Egenvektorer del 2
2730,2765,Tusinde og firetyve,6,E18_B,Egenværdier og Egenvektorer del 2
2783,2847,Lidt forskellige godter,5,E18_B,Egenværdier og Egenvektorer del 2
2877,2896,Kompakte udregninger,6,E18_B,Egenværdier og Egenvektorer del 2
2921,2940,Slutning på øscenarie,5,E18_B,Egenværdier og Egenvektorer del 2
37,45,Godmorgen - fredagsbøn,6,E18_B,Diagonalisering ved similartransformation
53,72,Bu og Bæ og Geogebra,5,E18_B,Diagonalisering ved similartransformation
1345,1366,Den en lidt fed info,6,E18_B,Diagonalisering ved similartransformation
1395,1420,Morgenbrændert fadøl matrix,9,E18_B,Diagonalisering ved similartransformation
1481,1502,Er der en bedre metode?,5,E18_B,Diagonalisering ved similartransformation
1560,1565,Det tager længere tid at skrive det op end at gøre det,4,E18_B,Diagonalisering ved similartransformation
2110,2116,Det var trick og julelege,5,E18_B,Diagonalisering ved similartransformation
2265,2272,Michael kan ikke skrive determinant,3,E18_B,Diagonalisering ved similartransformation
2578,2608,Skulle jeg sige mere?,5,E18_B,Diagonalisering ved similartransformation
3,7,Edermaenme tirsdag,7,E18_B,Symmetriske matricer del 1
955,966,Vinkelrette vektorer,5,E18_B,Symmetriske matricer del 1
1530,1552,Gram-Schmidt,7,E18_B,Symmetriske matricer del 1
1680,1699,Gram-Schmidt i Maple,5,E18_B,Symmetriske matricer del 1
1789,1800,Hold kæft hvor er det smart,4,E18_B,Symmetriske matricer del 1
1875,1880,"Kæft hvor er det genialt, ik'?",7,E18_B,Symmetriske matricer del 1
1908,1916,Gram-Schmidt i Maple 2,5,E18_B,Symmetriske matricer del 1
31,35,What is that,4,E18_B,Symmetriske matricer del 2
111,128,"Fido, den transponerende hund",7,E18_B,Symmetriske matricer del 2
373,378,Wow,6,E18_B,Symmetriske matricer del 2
446,485,En smart måde at skrive 1 på,6,E18_B,Symmetriske matricer del 2
28,59,Snart slut,7,E18_B,Diagonalisering ved ortogonal substition
1148,1160,Jeg kan ikke tegne det anderledes,5,E18_B,Diagonalisering ved ortogonal substition
1185,1200,Ortogonaltransformation,4,E18_B,Diagonalisering ved ortogonal substition
1302,1305,Ingen ko på isen - forelæsning 30,4,E18_B,Diagonalisering ved ortogonal substition
1556,1563,Hold kæft hvor det kører,5,E18_B,Diagonalisering ved ortogonal substition
1661,1669,"1 plus 2, det er 3",4,E18_B,Diagonalisering ved ortogonal substition
1673,1759,Løjer in action,6,E18_B,Diagonalisering ved ortogonal substition
1789,1829,Gamle moster i Jylland og telefonboksen,5,E18_B,Diagonalisering ved ortogonal substition
2271,2284,Hvad så med den inverse?,5,E18_B,Diagonalisering ved ortogonal substition
2289,2306,Gamle Moster i Jylland og telefonboksen - 2,6,E18_B,Diagonalisering ved ortogonal substition
2346,2356,"Jeg ved ikke, om det gør en klogere",6,E18_B,Diagonalisering ved ortogonal substition
2855,2883,Vi ses i Kælderbaren,9,E18_B,Diagonalisering ved ortogonal substition
15,27,Så ruller den vaklende videre,4,E18_B,Differentialligningssystemer del 1
187,335,Påskebryg og juleøl,8,E18_B,Differentialligningssystemer del 1
647,674,Hundemad og havregryn,6,E18_B,Differentialligningssystemer del 1
1026,1039,Jul og vilde gaver,7,E18_B,Differentialligningssystemer del 1
1189,1196,Det er jo næsten for pænt,6,E18_B,Differentialligningssystemer del 1
1360,1395,Fordi det er tirsdag,6,E18_B,Differentialligningssystemer del 1
1399,1410,Hvis det havde været en NxN matrix,6,E18_B,Differentialligningssystemer del 1
1428,1437,Kunne man forestille sig noget pænere?,5,E18_B,Differentialligningssystemer del 1
1900,1905,Jeg nulrer mig frem,4,E18_B,Differentialligningssystemer del 1
1974,2021,Mere ædru end jeg er ,5,E18_B,Differentialligningssystemer del 1
2117,2126,Av for satan - knækket kridt,5,E18_B,Differentialligningssystemer del 1
2255,2277,Store teoretiske ting og julestjerner,7,E18_B,Differentialligningssystemer del 1
2495,2540,Fuck og fingernem,5,E18_B,Differentialligningssystemer del 1
255,283,Borgmesterens komplekse fisk,7,E18_B,Differentialligningssystemer del 2
1170,1174,"Okay, det var edermaenme nemt",6,E18_B,Differentialligningssystemer del 2
1583,1608,"Hjemmeopgaver, der skal afleveres",5,E18_B,Differentialligningssystemer del 2
2578,2613,"Pindsvin, der er gået i vinterhi",5,E18_B,Differentialligningssystemer del 2
2844,2869,Religionstime,5,E18_B,Differentialligningssystemer del 2
3172,3208,Den forvirrede brygmester,4,E18_B,Differentialligningssystemer del 2
5,14,Alting har en ende,7,E18_B,Andenordens differentialligninger del 1
665,677,Det nemmeste i hele verden,6,E18_B,Andenordens differentialligninger del 1
1280,1299,Superposition nede på Den Lokale Bodega,8,E18_B,Andenordens differentialligninger del 1
1575,1585,"Kæft, hvor er det smart",5,E18_B,Andenordens differentialligninger del 1
2403,2425,Den komplekse eksponentialfunktion,8,E18_B,Andenordens differentialligninger del 1
2491,2527,Den komplekse gættemetode,7,E18_B,Andenordens differentialligninger del 1
2702,2713,Det jo ikke nul,4,E18_B,Andenordens differentialligninger del 1
2797,2814,Det kan sagtens lade sig gøre,6,E18_B,Andenordens differentialligninger del 1
2819,2835,Noget andet,7,E18_B,Andenordens differentialligninger del 1
3199,3221,Lårtrykke stråler,6,E18_B,Andenordens differentialligninger del 1
3227,3238,"Dsolve, færdig",6,E18_B,Andenordens differentialligninger del 1
148,153,Nogenlunde ædrueligt ud,4,E18_B,Mere om funktioner af to variable
585,607,Sværd og lineære restriktioner,5,E18_B,Mere om funktioner af to variable
978,994,En simpel funktion,5,E18_B,Mere om funktioner af to variable
1006,1034,Det er sgu da genialt,5,E18_B,Mere om funktioner af to variable
1196,1221,På rigtig gammeldags - 1,5,E18_B,Mere om funktioner af to variable
1255,1262,På rigtig gammeldags - 2,5,E18_B,Mere om funktioner af to variable
1263,1277,Enhver rask DTU studerende med promille 4,7,E18_B,Mere om funktioner af to variable
1451,1465,Dyb ensomhed på sit værelse,6,E18_B,Mere om funktioner af to variable
1525,1535,En omvendt frugtskål,6,E18_B,Mere om funktioner af to variable
1563,1573,Snitte i en parabelskål,4,E18_B,Mere om funktioner af to variable
2880,2919,En god måde at slutte en fredag på,6,E18_B,Mere om funktioner af to variable
3416,3431,Brugte jeres tålmodighed,7,E18_B,Mere om funktioner af to variable
0,7,"Hold kæft, hvor er der langt.",5,E19_B,Komplekse tal - del 1
20,59,Velkommen,4,E19_B,Komplekse tal - del 1
78,99,"Lokaler, der er gemt på campus",5,E19_B,Komplekse tal - del 1
222,247,Undervisning til kl. 22,7,E19_B,Komplekse tal - del 1
300,320,Ugens Test,4,E19_B,Komplekse tal - del 1
332,360,14 til eksamen,4,E19_B,Komplekse tal - del 1
469,488,Komplekse tal er ikke særligt svært,6,E19_B,Komplekse tal - del 1
508,513,"Okay, jeg går i gang",5,E19_B,Komplekse tal - del 1
515,585,Forurener nettet med Mat 1,5,E19_B,Komplekse tal - del 1
588,602,Madonna-koncert ,7,E19_B,Komplekse tal - del 1
655,674,Maple og færdig på 10 minutter,4,E19_B,Komplekse tal - del 1
1031,1076,Grimme kvadratrødder,6,E19_B,Komplekse tal - del 1
1221,1227,Fuldstændig banalt,7,E19_B,Komplekse tal - del 1
1462,1473,Syg hjerne ,6,E19_B,Komplekse tal - del 1
1559,1565,Pissespændte,6,E19_B,Komplekse tal - del 1
1565,1575,For sportens skyld og knækket kridt,8,E19_B,Komplekse tal - del 1
1643,1653,Ikke helt simpelt at forklare bedstemor i Jylland,6,E19_B,Komplekse tal - del 1
1960,1970,Fuldstændig hjerneblødt,5,E19_B,Komplekse tal - del 1
2265,2277,Menneskeheden og 1500 år,4,E19_B,Komplekse tal - del 1
2324,2342,Det eneste man skal huske 1,7,E19_B,Komplekse tal - del 1
2573,2588,Det eneste man skal huske 2,7,E19_B,Komplekse tal - del 1
2597,2603,Nu skal man lige passe på,6,E19_B,Komplekse tal - del 1
2618,2627,Det eneste man skal huskke 3,7,E19_B,Komplekse tal - del 1
2676,2690,Det eneste man skkal huske 4,7,E19_B,Komplekse tal - del 1
2715,2725,Vi ses om 5 uger,6,E19_B,Komplekse tal - del 1
92,107,Det eneste man skal huske 5,6,E19_B,Komplekse tal - del 2
334,340,Av forhelvede,7,E19_B,Komplekse tal - del 2
355,368,Konjugering og gravhund,6,E19_B,Komplekse tal - del 2
829,845,"Tungen lige, der hvor man holder den",6,E19_B,Komplekse tal - del 2
867,872,Det er sgu da magisk,4,E19_B,Komplekse tal - del 2
961,968,Den firkant er gymnasiet,7,E19_B,Komplekse tal - del 2
1400,1410,Femogtyve,4,E19_B,Komplekse tal - del 2
1682,1687,Svinet lig nul,5,E19_B,Komplekse tal - del 2
2079,2160,Øde ø og brøker,7,E19_B,Komplekse tal - del 2
2290,2310,Herfra til juleaften,5,E19_B,Komplekse tal - del 2
2360,2370,Det pisser ned,5,E19_B,Komplekse tal - del 2
0,6,Nu kan de ikke komme ud,5,E19_B,Regning med reelle og komplekse tal
16,23,Godmorgen,7,E19_B,Regning med reelle og komplekse tal
25,35,Ikke noget nyt og godt fra havet,6,E19_B,Regning med reelle og komplekse tal
34,42,Hvis I gik rigtigt sidst,5,E19_B,Regning med reelle og komplekse tal
88,98,Helt overladt til jer selv,5,E19_B,Regning med reelle og komplekse tal
98,104,"Okay Michael Pedersen, hold kæft",7,E19_B,Regning med reelle og komplekse tal
194,224,Børnehaveklassen og rockkoncert,8,E19_B,Regning med reelle og komplekse tal
270,280,Ikke specielt originalt,6,E19_B,Regning med reelle og komplekse tal
350,355,Bare fordi jeg er senil,5,E19_B,Regning med reelle og komplekse tal
366,375,Tuborgparanteser,4,E19_B,Regning med reelle og komplekse tal
861,872,Det eneste man skal huske 6,6,E19_B,Regning med reelle og komplekse tal
1346,1356,Lalletrivielt,7,E19_B,Regning med reelle og komplekse tal
2160,2173,Hjerneyveret,5,E19_B,Regning med reelle og komplekse tal
2547,2557,Hvad fanden er nu det for noget,7,E19_B,Regning med reelle og komplekse tal
3035,3043,Mickey Mouse eksempel,6,E19_B,Regning med reelle og komplekse tal
3207,3217,Lege lidt med de komplekse tal,5,E19_B,Regning med reelle og komplekse tal
3264,3275,Tak for i dag,7,E19_B,Regning med reelle og komplekse tal
0,5,Zen moment,7,E19_B,Polære koordinater og eksponentiel form - del 1
109,126,Indføre en ny måde at skrive dem på,6,E19_B,Polære koordinater og eksponentiel form - del 1
690,699,Av for helvede og knækket kridt,8,E19_B,Polære koordinater og eksponentiel form - del 1
746,763,Enhedsægget,8,E19_B,Polære koordinater og eksponentiel form - del 1
1016,1034,Et komplekst tal i gryden,6,E19_B,Polære koordinater og eksponentiel form - del 1
1210,1217,Enhedsægget 2,8,E19_B,Polære koordinater og eksponentiel form - del 1
1481,1498,En begravet hund,7,E19_B,Polære koordinater og eksponentiel form - del 1
1695,1718,Husker nede i Aldi,6,E19_B,Polære koordinater og eksponentiel form - del 1
1744,1767,Spot on med Gammel Dansk,10,E19_B,Polære koordinater og eksponentiel form - del 1
2490,2517,Det er tre tal,7,E19_B,Polære koordinater og eksponentiel form - del 1
315,323,Knækket kridt og av forhelvede,8,E19_B,Polære koordinater og eksponentiel form - del 2
520,530,Jamen bummelummelum,6,E19_B,Polære koordinater og eksponentiel form - del 2
628,639,Det ligner ad helvede til,5,E19_B,Polære koordinater og eksponentiel form - del 2
1158,1169,Jamen forfanden da,7,E19_B,Polære koordinater og eksponentiel form - del 2
1445,1455,En underlig fætter,6,E19_B,Polære koordinater og eksponentiel form - del 2
1615,1637,"e, pi og vores ettal",5,E19_B,Polære koordinater og eksponentiel form - del 2
2060,2066,Knækket kridt,4,E19_B,Polære koordinater og eksponentiel form - del 2
2127,2137,Hvad med,6,E19_B,Polære koordinater og eksponentiel form - del 2
2285,2290,"Arr, I må sgu da indrømme det er lidt sjovt",7,E19_B,Polære koordinater og eksponentiel form - del 2
2307,2335,Ødelægge en af jeres andre dage,6,E19_B,Polære koordinater og eksponentiel form - del 2
0,15,Fandenme fredag,8,E19_B,Polære koordinater og eksponentialfunktionen
101,135,"Binome ligninger, og lidt sjovt",6,E19_B,Polære koordinater og eksponentialfunktionen
529,550,Hovedregning og jaaa,5,E19_B,Polære koordinater og eksponentialfunktionen
844,851,Det nye dyr i den Zoologiske Have,6,E19_B,Polære koordinater og eksponentialfunktionen
1074,1096,"1, 2, 3 - ikke så svært at huske",7,E19_B,Polære koordinater og eksponentialfunktionen
1136,1152,"1, 2, 3 - eliteuniversitet",8,E19_B,Polære koordinater og eksponentialfunktionen
1177,1190,Enhedsæg,7,E19_B,Polære koordinater og eksponentialfunktionen
1285,1315,En pæn formel,7,E19_B,Polære koordinater og eksponentialfunktionen
1813,1830,Det er jo så nemt,6,E19_B,Polære koordinater og eksponentialfunktionen
2062,2072,Enhedsægget 2,6,E19_B,Polære koordinater og eksponentialfunktionen
2304,2309,"Uendeligt mange, høhø",5,E19_B,Polære koordinater og eksponentialfunktionen
2781,2796,Navn mangler,5,E19_B,Polære koordinater og eksponentialfunktionen
2832,2840,Det er jo skidesmart,8,E19_B,Polære koordinater og eksponentialfunktionen
3018,3036,1 er nok en løsning,7,E19_B,Polære koordinater og eksponentialfunktionen
3203,3225,"Det er jo meget sjovt, haha",8,E19_B,Polære koordinater og eksponentialfunktionen
3278,3505,En lang historie - ævle ævle,8,E19_B,Polære koordinater og eksponentialfunktionen
0,13,Godmorgen og tirsdag,5,E19_B,Polynomier - del 1
140,147,"Binom ligning, bummelum",6,E19_B,Polynomier - del 1
776,792,Kvadratroden af minus i,7,E19_B,Polynomier - del 1
343,353,Det forstår man ikke et hammerslag af,6,E19_B,Polynomier - del 2
361,372,Noget der går godt,7,E19_B,Polynomier - del 2
846,852,Det er meget hemmeligt,4,E19_B,Polynomier - del 2
920,928,Komplekse far,6,E19_B,Polynomier - del 2
1030,1043,maple til det her ,6,E19_B,Polynomier - del 2
1048,1058,Det går hurtigere end jeg kan sige det,5,E19_B,Polynomier - del 2
1433,1440,skal i bare lukke øjnene ,3,E19_B,Polynomier - del 2
1612,1638,Den gang jeg gik i gym,10,E19_B,Polynomier - del 2
1659,1668,Fjenden kommer,4,E19_B,Polynomier - del 2
1700,1708,Sådan nogle lege man leger i fredagsbaren,7,E19_B,Polynomier - del 2
1994,2011,Det kan i ikke lide,8,E19_B,Polynomier - del 2
2331,2344,Goddammit,5,E19_B,Polynomier - del 2
2640,2650,Så har i også hørt om epsilon funktioner,3,E19_B,Polynomier - del 2
118,123,Havde vi ikke om komplekse tal,4,E19_B,Differentiabilitet
182,184,Fidusen er 1,2,E19_B,Differentiabilitet
715,728,Færdig arbejde,5,E19_B,Differentiabilitet
781,803,funktioner man kan skære sig på,4,E19_B,Differentiabilitet
1049,1063,I tør sku ikke at sige nej,5,E19_B,Differentiabilitet
1121,1126,Kan i se det,6,E19_B,Differentiabilitet
1196,1200,videre,4,E19_B,Differentiabilitet
1274,1295,Patient som ur,7,E19_B,Differentiabilitet
1330,1370,Patient som ur 2,7,E19_B,Differentiabilitet
1355,1362,Det vidste i jo godt i forvejen,7,E19_B,Differentiabilitet
1799,1810,Vi stikker piben ind,6,E19_B,Differentiabilitet
2275,2280,Er det mig der vrøvler,5,E19_B,Differentiabilitet
2288,2294,Enhedsægget,6,E19_B,Differentiabilitet
2341,2355,I har ingen regneforskrift,7,E19_B,Differentiabilitet
2529,2533,wow,5,E19_B,Differentiabilitet
3078,3082,Kæft hvor det gører for de små indianere,9,E19_B,Differentiabilitet
3154,3180,Kan det være sjovere fredag morgen,8,E19_B,Differentiabilitet
0,15,"Godmorgen, lad os stemme om det",6,E19_B,Taylors formler - del 1
16,22,"Komplekse tal, der følger os resten af vores liv",6,E19_B,Taylors formler - del 1
113,135,Den forelæsning jeg skal holde nu knaldes af på 5 minutter i Maple,6,E19_B,Taylors formler - del 1
244,276,Peter Rygaard og Slagelse,5,E19_B,Taylors formler - del 1
280,306,Peter Rygaard og Slagelse 2 ,7,E19_B,Taylors formler - del 1
310,317,"Ikke særligt svært, og ovenikøbet lidt sjovt",6,E19_B,Taylors formler - del 1
365,392,Fredag og temaøvelse,6,E19_B,Taylors formler - del 1
636,670,Mange grimme dyr i skoven,5,E19_B,Taylors formler - del 1
2398,2438,"En krølle, en krølle, og en lidt større krølle",5,E19_B,Taylors formler - del 1
2550,2564,Alles kælefunktion,5,E19_B,Taylors formler - del 1
2649,2658,"En sjettedel, gå hjem",5,E19_B,Taylors formler - del 1
43,56,Mtaylor i maple,5,E19_B,Taylors formler - del 2
132,168,Sinus til en halv,6,E19_B,Taylors formler - del 2
346,352,Knækket kridt,5,E19_B,Taylors formler - del 2
700,713,Ved at være hjemme fra den øde ø,5,E19_B,Taylors formler - del 2
749,765,En lille fejl,5,E19_B,Taylors formler - del 2
841,904,"Sinus til en halv, konklusion",5,E19_B,Taylors formler - del 2
1366,1376,"Maple har en kommmando, lim",6,E19_B,Taylors formler - del 2
0,8,Glædelig fredag,8,E19_B,Matrixalgebra
8,26,Glemt af nogen,5,E19_B,Matrixalgebra
28,40,Ikke særligt teoretisk svært,7,E19_B,Matrixalgebra
43,57,På campingtur,5,E19_B,Matrixalgebra
212,222,Højresiden,5,E19_B,Matrixalgebra
502,528,Gausser til fest på Kollegiet,9,E19_B,Matrixalgebra
611,616,"Knækket kridt, av",6,E19_B,Matrixalgebra
1868,1881,Lalalala,5,E19_B,Matrixalgebra
2710,2736,Finde ud af i min morgenbrandert,6,E19_B,Matrixalgebra
2739,2751,Kaffekop,5,E19_B,Matrixalgebra
2775,2785,Kaffekop 2,6,E19_B,Matrixalgebra
2795,2800,Av,5,E19_B,Matrixalgebra
2879,2895,Endnu hurtigere i Maple,6,E19_B,Matrixalgebra
3252,3315,Pong og World of Warcraft,8,E19_B,Matrixalgebra
0,8,Så skal i holde kæft ,7,E19_B,Determinanter og vektor-geometri - del 1
63,123,"Muted, life is what happens around you",6,E19_B,Determinanter og vektorer
2182,2275,Tegning af parallelepipedum,5,E19_B,Determinanter og vektorer
101,131,Skjult nummer og fjernsyn,5,F19_B,Taylors formler del 1
137,151,Skjult nummer og fjernsyn 2,5,F19_B,Taylors formler del 1
213,248,2. ordens Taylorpolynomium og Maple,6,F19_B,Taylors formler del 1
257,277,Knækket kridt - forelæsning 35,4,F19_B,Taylors formler del 1
561,578,Noget småt,5,F19_B,Taylors formler del 1
748,773,Den andenafledede og funktionens humør,7,F19_B,Taylors formler del 1
1268,1285,Ellers skriger I,6,F19_B,Taylors formler del 1
1349,1364,"Ååååh, mamamia",6,F19_B,Taylors formler del 1
1614,1630,"Mtaylor, bum, færdig",6,F19_B,Taylors formler del 1
311,322,"Klapper i vores små, fedtede fingre",5,F19_B,Taylors formler del 2
579,593,"For at se om I sov, høhø",5,F19_B,Taylors formler del 2
635,690,Når man har Maple og hjemmebag,8,F19_B,Taylors formler del 2
1474,1487,Når man har Maple og hjemmebag 2,6,F19_B,Taylors formler del 2
2116,2150,Saddelpunkt,6,F19_B,Taylors formler del 2
2332,2366,En tagrende,5,F19_B,Taylors formler del 2
2612,2621,Når man har Maple og hjemmebag 3 ,7,F19_B,Taylors formler del 2
0,19,Godmorgen og hold jeres kæft,8,F19_B,Ekstremumsundersøgelser del 1
820,835,Bare bestil nogle pizzaer med til mig,6,F19_B,Ekstremumsundersøgelser del 1
843,865,Noget småt - forelæsning 37,4,F19_B,Ekstremumsundersøgelser del 1
1448,1461,Verden er uretfærdig,7,F19_B,Ekstremumsundersøgelser del 1
1925,1937,Bare for at se om i sov,5,F19_B,Ekstremumsundersøgelser del 1
2618,2628,Never calculate in public,5,F19_B,Ekstremumsundersøgelser del 1
2653,2672,"Tricks og julelege - åh nej, moar",4,F19_B,Ekstremumsundersøgelser del 1
2697,2710,Okay?,6,F19_B,Ekstremumsundersøgelser del 1
2735,2752,Et nanosekund i Maple og Øde Ø-versionen,7,F19_B,Ekstremumsundersøgelser del 1
986,1054,"Tænke sig om inden, morgenfadøl og cigarer",6,F19_B,Ekstremumsundersøgelser del 2
1510,1523,Er I med? ,4,F19_B,Ekstremumsundersøgelser del 2
1882,1902,"Hvad gør man, når fanden er løs?",5,F19_B,Ekstremumsundersøgelser del 2
2212,2241,Prøv noget,6,F19_B,Ekstremumsundersøgelser del 2
0,9,Godmorgen folkens - lige høj nok,4,F19_B,Riemannintegralet og dets brug på kurver del 1
18,29,Godmorgen folkens - lige høj nok 2,4,F19_B,Riemannintegralet og dets brug på kurver del 1
32,47,Godmorgen folkens - lige høj nok 3,6,F19_B,Riemannintegralet og dets brug på kurver del 1
112,130,Det er ikke særligt svært,7,F19_B,Riemannintegralet og dets brug på kurver del 1
356,361,Integralregningens hovedsætning,5,F19_B,Riemannintegralet og dets brug på kurver del 1
853,879,"En integrerende, blind høne",4,F19_B,Riemannintegralet og dets brug på kurver del 1
1143,1265,Gauss og summen af tallene fra 1 til 100,8,F19_B,Riemannintegralet og dets brug på kurver del 1
1832,1849,Volumen af legoklodsen,4,F19_B,Riemannintegralet og dets brug på kurver del 1
1870,1878,Volumen af legoklodsen 2,4,F19_B,Riemannintegralet og dets brug på kurver del 1
752,775,Det der var ideen,5,F19_B,Riemannintegralet og dets brug på kurver del 2
980,992,I kan ikke holde ud at vente mere,5,F19_B,Riemannintegralet og dets brug på kurver del 2
2173,2219,En ualmindelig klam sag,6,F19_B,Riemannintegralet og dets brug på kurver del 2
2231,2293,En ualmindelig klam sag 2,6,F19_B,Riemannintegralet og dets brug på kurver del 2
54,73,Integration er faktisk svært,8,F19_B,Integrationsteknik
180,213,En ualmindelig klam sag 3,6,F19_B,Integrationsteknik
1456,1472,"Man råber hjælp, moar",5,F19_B,Integrationsteknik
1674,1701,En skidegod idé,5,F19_B,Integrationsteknik
1844,1855,En rundtur i rædselskabinettet,4,F19_B,Integrationsteknik
2687,2720,"Lidt åndsvag, for at synes det er sjovt",6,F19_B,Integrationsteknik
2996,3061,Vi er ikke blevet meget klogere af det,5,F19_B,Integrationsteknik
708,800,Det er et meget stabilt system vi har her,8,F19_B,Særlige flader i rum
1828,1861,"Noget, man kan gøre i en computer",7,F19_B,Særlige flader i rum
1962,1992,Moster Gudruns parabelskål,6,F19_B,Særlige flader i rum
2495,2498,En donut folkens,5,F19_B,Særlige flader i rum
0,6,"Ja, så blev det tirsdag",6,F19_B,Rumlige områder og rumintegraler del 1
47,60,Vi går lige på og knalder det ned,6,F19_B,Rumlige områder og rumintegraler del 1
152,182,En grim kartoffel i rummet,4,F19_B,Rumlige områder og rumintegraler del 1
348,372,Hele kartofflen,4,F19_B,Rumlige områder og rumintegraler del 1
559,603,Flyttekassen og øller,5,F19_B,Rumlige områder og rumintegraler del 1
1878,1898,Frugtskål fyldt med øl,4,F19_B,Rumlige områder og rumintegraler del 1
2052,2093,Nu lokker I mig i fordærv,7,F19_B,Rumlige områder og rumintegraler del 1
2119,2148,Lykken tilsmiler de snaldrede,7,F19_B,Rumlige områder og rumintegraler del 1
2285,2299,Frugtskål fyldt med øl 2,5,F19_B,Rumlige områder og rumintegraler del 1
2305,2323,Bare for at se om I sov,5,F19_B,Rumlige områder og rumintegraler del 1
2324,2338,Sætter lige et lighedstegn,3,F19_B,Rumlige områder og rumintegraler del 1
2668,2716,Hinandens spejlbilleder,4,F19_B,Rumlige områder og rumintegraler del 1
35,59,Archimedes og kuglens rumfang,5,F19_B,Rumlige områder og rumintegraler del 2
329,336,"Mine damer og herrer, the standard parametrisering of the kugle",7,F19_B,Rumlige områder og rumintegraler del 2
402,424,3 ledige tavler - helt forfærdeligt,6,F19_B,Rumlige områder og rumintegraler del 2
428,436,Determinanten af den her formidable matrix,6,F19_B,Rumlige områder og rumintegraler del 2
500,572,Determinanten af den her formidable matrix 2,7,F19_B,Rumlige områder og rumintegraler del 2
600,614,Inden jeg går videre,6,F19_B,Rumlige områder og rumintegraler del 2
713,726,Lykken tilsmiler de snaldrede 2,7,F19_B,Rumlige områder og rumintegraler del 2
773,785,"Ej, det var da ikke så galt",5,F19_B,Rumlige områder og rumintegraler del 2
977,987,Kuglen fik vi skudt ned,5,F19_B,Rumlige områder og rumintegraler del 2
1083,1088,Det er jo rent fest det her,7,F19_B,Rumlige områder og rumintegraler del 2
1198,1226,Archimedes og kuglens rumfang 2,4,F19_B,Rumlige områder og rumintegraler del 2
1227,1243,Gabriels horn 1,3,F19_B,Rumlige områder og rumintegraler del 2
1249,1285,Gabriels horn 2,5,F19_B,Rumlige områder og rumintegraler del 2
1289,1296,Gabriels horn 3,3,F19_B,Rumlige områder og rumintegraler del 2
1317,1413,Gabriels horn 4,5,F19_B,Rumlige områder og rumintegraler del 2
1557,1578,Gabriels horn 5,6,F19_B,Rumlige områder og rumintegraler del 2
1893,1960,Gabriels horn 6,4,F19_B,Rumlige områder og rumintegraler del 2
2565,2700,Gabriels horn 7,5,F19_B,Rumlige områder og rumintegraler del 2
55,70,"Jeg tror ikke, I vil synes det er svært",7,F19_B,Vektorfelter del 1
650,729,Specielle foreninger der elsker vektorfelter,8,F19_B,Vektorfelter del 1
746,771,Specielle foreninger der elsker vektorfelter 2,7,F19_B,Vektorfelter del 1
1035,1044,Bingo - forelæsning 45,5,F19_B,Vektorfelter del 1
1211,1224,Der er et eller andet galt,7,F19_B,Vektorfelter del 1
13,18,Så starter vi scooteren igen,7,F19_B,Vektorfelter del 2
893,906,Aftalt spil,5,F19_B,Vektorfelter del 2
2357,2370,Helt forygende simpelt at gøre,5,F19_B,Vektorfelter del 2
600,609,"Hold kæft, hvor er det pædagogisk",7,F19_B,Mere om gradientvektorfelter
1506,1548,Plus julestjerne,5,F19_B,Mere om gradientvektorfelter
1803,1830,"Det var nemmere, dengang alle røg",7,F19_B,Mere om gradientvektorfelter
1865,1904,Swaztika-feltet,7,F19_B,Mere om gradientvektorfelter
0,10,"Godmorgen, godformiddag, whatever",7,F19_B,Flux og Gauss divergenssætning del 1
42,65,Parametriseringerne,5,F19_B,Flux og Gauss divergenssætning del 1
135,161,En af de dyre drenge,9,F19_B,Flux og Gauss divergenssætning del 1
386,405,"Kan I se det? Nå, okay...",5,F19_B,Flux og Gauss divergenssætning del 1
755,758,"Puh, hvor ser det væmmeligt ud",8,F19_B,Flux og Gauss divergenssætning del 1
1440,1469,Hvoffor man får 0,7,F19_B,Flux og Gauss divergenssætning del 1
1812,1826,Lad os flux regne videre,9,F19_B,Flux og Gauss divergenssætning del 1
1970,1974,Volumenekspansion 1,6,F19_B,Flux og Gauss divergenssætning del 1
1983,1989,Volumenekspansion 2,7,F19_B,Flux og Gauss divergenssætning del 1
2086,2106,Volumenekspansion 3 - røgring,6,F19_B,Flux og Gauss divergenssætning del 1
277,287,Overrasker det os?,7,F19_B,Flux og Gauss divergenssætning del 2
699,723,"Vi kan huske, hvad der står her",5,F19_B,Flux og Gauss divergenssætning del 2
983,1016,Et af de rigtig store dyr - Gauss' divergenssætning,8,F19_B,Flux og Gauss divergenssætning del 2
1034,1056,En kartoffel i rummet,7,F19_B,Flux og Gauss divergenssætning del 2
1085,1096,Randen er skrællen,7,F19_B,Flux og Gauss divergenssætning del 2
1364,1388,"Gausses sætning, mine damer og herrer",8,F19_B,Flux og Gauss divergenssætning del 2
1673,1681,Hold kæft en parametrisering,5,F19_B,Flux og Gauss divergenssætning del 2
1723,1743,Blabla,5,F19_B,Flux og Gauss divergenssætning del 2
1744,1838,Et klamt vektorfelt,4,F19_B,Flux og Gauss divergenssætning del 2
1861,1902,En klam udregning,4,F19_B,Flux og Gauss divergenssætning del 2
1902,1937,Maple i kamp mod røg og damp,9,F19_B,Flux og Gauss divergenssætning del 2
1937,1984,Divergensen redder jer,7,F19_B,Flux og Gauss divergenssætning del 2
2028,2064,Tag den Maple,8,F19_B,Flux og Gauss divergenssætning del 2
2621,2640,Dadaaaaaaa,9,F19_B,Flux og Gauss divergenssætning del 2
2681,2699,Sætte pris på Gauss' divergenssætning,6,F19_B,Flux og Gauss divergenssætning del 2
16,39,Færdig med projektarbejdet og retfærdighed i verden,7,F19_B,Repetition del 1
41,72,"Årsfest, eksamen og Gauss' divergenssætning",7,F19_B,Repetition del 1
111,140,Eksamenssæt med runer,6,F19_B,Repetition del 1
323,332,"Den skulle nok lige tegnes lidt pænere, så",7,F19_B,Repetition del 1
498,522,Når man griber sin fadøl,8,F19_B,Repetition del 1
745,764,Det gælder i vilkårlige dimensioner,6,F19_B,Repetition del 1
2080,2087,Hvordan parametriserer man en cirkel?,7,F19_B,Repetition del 1
93,108,"Alle ordene, som læreren godt kan lide",4,F19_B,Repetition del 2
467,502,Hold kæft en masse lort,5,F19_B,Repetition del 2
1739,1751,Ugens Tæsk,4,F19_B,Repetition del 2
11,88,Farvel og tak for i år,10,F19_B,Stokes sætning og potentialer del 1
